up__ID,ID,timestamp,author,message
1,1001,2024-01-05T09:15:00Z,admin,"Record created successfully"
2,1002,2024-01-06T10:30:00Z,system,"Initial data import completed"
3,1003,2024-01-07T11:45:00Z,user1,"Customer profile updated"
4,1004,2024-01-08T14:10:00Z,admin,"Address details modified"
5,1005,2024-01-09T16:25:00Z,user2,"Phone number verified"
6,1006,2024-01-10T09:40:00Z,system,"Scheduled batch job executed"
7,1007,2024-01-11T12:00:00Z,admin,"Credit limit approved"
8,1008,2024-01-12T13:35:00Z,user3,"Email address updated"
9,1009,2024-01-13T15:50:00Z,system,"Data synchronization successful"
10,1010,2024-01-14T08:20:00Z,admin,"New customer onboarded"
11,1011,2024-01-15T10:45:00Z,user1,"Password reset requested"
12,1012,2024-01-16T11:30:00Z,system,"Audit log generated"
13,1013,2024-01-17T14:05:00Z,admin,"User permissions updated"
14,1014,2024-01-18T16:40:00Z,user2,"Profile information reviewed"
15,1015,2024-01-19T09:55:00Z,system,"Automated validation completed"
16,1016,2024-01-20T12:15:00Z,admin,"Document uploaded successfully"
17,1017,2024-01-21T13:50:00Z,user3,"Contact details changed"
18,1018,2024-01-22T15:30:00Z,system,"Background check finished"
19,1019,2024-01-23T08:45:00Z,admin,"Status updated to active"
20,1020,2024-01-24T10:10:00Z,user1,"Final approval granted"